,accuracy,f1_score
ExtraTrees_BigFeat,0.7081818181818181,0.6946180679441882
