,accuracy,f1_score
ExtraTrees_Original,0.8297083333333334,0.7742093855181654
