,accuracy,f1_score
ExtraTrees_Original,0.6870454545454545,0.6796815527981365
