,accuracy,f1_score
ExtraTrees_BigFeat,0.6870227272727273,0.679658811090101
