,accuracy,f1_score
TPOT_Original,0.8285833333333333,0.7731041620690647
