,accuracy,f1_score
ExtraTrees_BigFeat,0.6449545454545454,0.6429613492849244
