,accuracy,f1_score
TPOT_BigFeat,0.7054784688995215,0.6920909229755947
