,accuracy,f1_score
TPOT_BigFeat,0.6861136363636363,0.6788138046647344
