,accuracy,f1_score
ExtraTrees_Original,0.6880909090909091,0.6807142019615829
