,accuracy,f1_score
ExtraTrees_Original,0.7161136363636363,0.7008656856786727
