Comparison,Condition_1,Condition_2,F1_Mean_1,F1_Mean_2,F1_Diff,F1_Wilcoxon_Stat,F1_Wilcoxon_P,F1_Effect_Size,F1_Winner,Time_Mean_1,Time_Mean_2,Time_Ratio,Time_Wilcoxon_Stat,Time_Wilcoxon_P,Time_Winner
Feature Engineering Effect (ExtraTrees),ExtraTrees_Original,ExtraTrees_BigFeat,0.6979045922549922,0.6988475751365083,-0.0009429828815160635,5.0,0.0390625,-0.020844012530311047,ExtraTrees_BigFeat,6.7831863562266035,11.407267623477512,0.594637259343859,0.0,0.00390625,ExtraTrees_Original
Feature Engineering Effect (TPOT),TPOT_Original,TPOT_BigFeat,0.6980356092979911,0.6984043405553736,-0.0003687312573824597,16.0,0.49609375,-0.008063260851004655,TPOT_BigFeat,569.0478931532966,576.3981812530094,0.9872478985208901,12.0,0.25,TPOT_Original
AutoML Effect (Original Features),ExtraTrees_Original,TPOT_Original,0.6979045922549922,0.6980356092979911,-0.00013101704299889327,20.0,0.8203125,-0.002877780136448575,TPOT_Original,6.7831863562266035,569.0478931532966,0.011920238064038085,0.0,0.00390625,ExtraTrees_Original
AutoML Effect (BigFeat Features),ExtraTrees_BigFeat,TPOT_BigFeat,0.6988475751365083,0.6984043405553736,0.0004432345811347105,5.0,0.0390625,0.009753943296297815,ExtraTrees_BigFeat,11.407267623477512,576.3981812530094,0.019790603083930106,0.0,0.00390625,ExtraTrees_BigFeat
Best Traditional vs Best AutoML,ExtraTrees_Original,TPOT_BigFeat,0.6979045922549922,0.6984043405553736,-0.000499748300381353,14.0,0.359375,-0.011005766166109049,TPOT_BigFeat,6.7831863562266035,576.3981812530094,0.011768229978590321,0.0,0.00390625,ExtraTrees_Original
AutoML Original vs Traditional BigFeat,TPOT_Original,ExtraTrees_BigFeat,0.6980356092979911,0.6988475751365083,-0.0008119658385171702,12.0,0.25,-0.017820818167509717,ExtraTrees_BigFeat,569.0478931532966,11.407267623477512,49.88467983184057,0.0,0.00390625,ExtraTrees_BigFeat
