,accuracy,f1_score
ExtraTrees Original,0.8285,0.7730953063927486
ExtraTrees BigFeat,0.8295,0.7741067739441326
TPOT Original,0.8276666666666667,0.7722622249216877
TPOT BigFeat,0.8285416666666666,0.7730656085707295
