,accuracy,f1_score
TPOT_BigFeat,0.71475,0.6993083730084253
