,accuracy,f1_score
TPOT_BigFeat,0.68625,0.678843321632284
