,accuracy,f1_score
ExtraTrees_BigFeat,0.7115071770334929,0.698832539699013
