,accuracy,f1_score
ExtraTrees_Original,0.7083712121212121,0.6947274198703862
