,accuracy,f1_score
ExtraTrees_BigFeat,0.6886590909090909,0.681282846280878
