,accuracy,f1_score
ExtraTrees Original,0.6870454545454545,0.6796815527981365
ExtraTrees BigFeat,0.6870227272727273,0.679658811090101
TPOT Original,0.6861818181818182,0.6788819514588116
TPOT BigFeat,0.6861136363636363,0.6788138046647344
