,accuracy,f1_score
TPOT_Original,0.7061722488038278,0.6927044466201263
