,accuracy,f1_score
TPOT_BigFeat,0.6870454545454545,0.6796491539288547
