,accuracy,f1_score
ExtraTrees_BigFeat,0.6454090909090909,0.6435204121702354
