,accuracy,f1_score
ExtraTrees_BigFeat,0.6419318181818182,0.6410180175521151
