,accuracy,f1_score
ExtraTrees_Original,0.6438409090909091,0.6418214870711131
