,accuracy,f1_score
TPOT_BigFeat,0.8294583333333333,0.7739589179793516
