,accuracy,f1_score
TPOT_Original,0.7092727272727273,0.6932425520915599
