,accuracy,f1_score
TPOT_Original,0.6858181818181818,0.6783832871993521
