,accuracy,f1_score
TPOT_BigFeat,0.7097727272727272,0.693924738016104
