,accuracy,f1_score
TPOT_BigFeat,0.6855909090909091,0.678203623297419
