,accuracy,f1_score
TPOT_Original,0.8276666666666667,0.7722622249216877
