,accuracy,f1_score
TPOT_BigFeat,0.7043181818181818,0.6904665978694396
