,accuracy,f1_score
TPOT_BigFeat,0.7058373205741627,0.6924283082024822
