,accuracy,f1_score
TPOT_Original,0.6383636363636364,0.6368708598133638
