,accuracy,f1_score
ExtraTrees Original,0.7101674641148326,0.6972180539210857
ExtraTrees BigFeat,0.7108373205741627,0.6979829307168993
TPOT Original,0.7061722488038278,0.6927044466201263
TPOT BigFeat,0.7058373205741627,0.6924283082024822
