,accuracy,f1_score
TPOT_BigFeat,0.8302916666666667,0.7748045026971632
