,accuracy,f1_score
ExtraTrees_BigFeat,0.7108373205741627,0.6979829307168993
