,accuracy,f1_score
ExtraTrees_BigFeat,0.7164545454545455,0.7013354746925806
