,accuracy,f1_score
ExtraTrees_BigFeat,0.7074621212121213,0.6937238047698732
