,accuracy,f1_score
ExtraTrees_BigFeat,0.6880909090909091,0.6807480400045304
