,accuracy,f1_score
TPOT_BigFeat,0.6412045454545454,0.6386592453050627
