,accuracy,f1_score
ExtraTrees_BigFeat,0.6876590909090909,0.6803164896945652
