,accuracy,f1_score
TPOT_BigFeat,0.6399318181818182,0.6388142302475013
