,accuracy,f1_score
ExtraTrees_BigFeat,0.7155227272727273,0.7001428640122865
