,accuracy,f1_score
TPOT_BigFeat,0.8285416666666666,0.7730656085707295
