,accuracy,f1_score
TPOT_BigFeat,0.6402727272727273,0.6390309056495183
