,accuracy,f1_score
TPOT_Original,0.6861818181818182,0.6788819514588116
