,accuracy,f1_score
TPOT_BigFeat,0.7081818181818181,0.6946180679441882
