,accuracy,f1_score
ExtraTrees_Original,0.7101674641148326,0.6972180539210857
