,accuracy,f1_score
TPOT_Original,0.6386818181818181,0.6357632664382209
