,accuracy,f1_score
ExtraTrees Original,0.7083712121212121,0.6947274198703862
ExtraTrees BigFeat,0.7081818181818181,0.6946180679441882
TPOT Original,0.7064015151515152,0.6925324863346776
TPOT BigFeat,0.7081818181818181,0.6946180679441882
