,accuracy,f1_score
TPOT_Original,0.7064015151515152,0.6925324863346776
