,accuracy,f1_score
TPOT_Original,0.6364318181818182,0.6345917139686512
