,accuracy,f1_score
ExtraTrees Original,0.6438409090909091,0.6418214870711131
ExtraTrees BigFeat,0.6449545454545454,0.6429613492849244
TPOT Original,0.6386818181818181,0.6357632664382209
TPOT BigFeat,0.6412045454545454,0.6386592453050627
