,accuracy,f1_score
TPOT_BigFeat,0.6410454545454546,0.6383909952017085
