,accuracy,f1_score
ExtraTrees Original,0.6880909090909091,0.6807142019615829
ExtraTrees BigFeat,0.6880909090909091,0.6807480400045304
TPOT Original,0.6858181818181818,0.6783832871993521
TPOT BigFeat,0.6855909090909091,0.678203623297419
