,accuracy,f1_score
ExtraTrees_BigFeat,0.6433863636363636,0.6429050386628182
