,accuracy,f1_score
ExtraTrees_BigFeat,0.8303333333333334,0.7748461993400408
