Model,Original Accuracy,BigFeat Accuracy,Accuracy Diff,Original Precision,BigFeat Precision,Precision Diff,Original Recall,BigFeat Recall,Recall Diff,Original F1 Score,BigFeat F1 Score,F1 Score Diff,Original Training Time,BigFeat Training Time,Training Time Ratio
Bagging,0.6878409090909091,0.6878181818181818,-2.2727272727340875e-05,0.7866647522978968,0.8277201570579747,0.04105540476007796,0.6878409090909091,0.6878181818181818,-2.2727272727340875e-05,0.6822396579396371,0.682254162867249,1.4504927611902474e-05,74.26981830596924,210.7112832069397,2.8371051392487967
Stacking,0.6885681818181818,0.6886590909090909,9.090909090914145e-05,0.8111230248233352,0.8129751889882391,0.0018521641649038578,0.6885681818181818,0.6886590909090909,9.090909090914145e-05,0.6829323343103983,0.6831085650331944,0.00017623072279604468,52.58421540260315,102.48761177062988,1.9490185597702443
Voting,0.6865454545454546,0.6864545454545454,-9.090909090914145e-05,0.8018202876933693,0.7996377524708597,-0.002182535222509663,0.6865454545454546,0.6864545454545454,-9.090909090914145e-05,0.6809364664333013,0.680924964350733,-1.1502082568282113e-05,9.738340377807617,20.051244497299194,2.0590001703979577
Blending,0.6851590909090909,0.6845,-0.000659090909090887,0.8003388573251717,0.8051198897774987,0.004781032452326972,0.6851590909090909,0.6845,-0.000659090909090887,0.6795673505226296,0.6789659040249322,-0.0006014464976974443,10.050485134124756,20.155855655670166,2.0054609689669904
TPOT (AutoML),0.6898181818181818,0.6830227272727273,-0.0067954545454544935,0.7485156319376957,0.779009153405274,0.030493521467578333,0.6898181818181818,0.6830227272727273,-0.0067954545454544935,0.6833672821016079,0.6771437975409428,-0.006223484560665127,569.3923051357269,653.8405537605286,1.1483129432257986
AVERAGE,,,,,,,,,,,,,,,
