Model,Original Accuracy,BigFeat Accuracy,Accuracy Diff,Original Precision,BigFeat Precision,Precision Diff,Original Recall,BigFeat Recall,Recall Diff,Original F1 Score,BigFeat F1 Score,F1 Score Diff,Original Training Time,BigFeat Training Time,Training Time Ratio
Bagging,0.6438863636363636,0.6448636363636364,0.000977272727272771,0.7774674255116489,0.7730838915448959,-0.0043835339667530615,0.6438863636363636,0.6448636363636364,0.000977272727272771,0.643253764980155,0.6444035087448168,0.0011497437646618147,79.42472100257874,201.8338861465454,2.5411972947313513
Stacking,0.6421136363636364,0.6432727272727272,0.001159090909090832,0.8403363812551824,0.76651756876318,-0.0738188124920024,0.6421136363636364,0.6432727272727272,0.001159090909090832,0.6418395131285702,0.6431693286639794,0.001329815535409118,59.7533221244812,101.0985677242279,1.6919321659407347
Voting,0.6415227272727273,0.6427954545454545,0.0012727272727272032,0.7781471387364723,0.7698041084045056,-0.008343030331966705,0.6415227272727273,0.6427954545454545,0.0012727272727272032,0.6408328804287912,0.6421490758205173,0.001316195391726116,10.292058229446411,19.778997898101807,1.9217728327179975
Blending,0.6380454545454546,0.6393636363636364,0.001318181818181774,0.7970127655781888,0.7707911475402268,-0.02622161803796197,0.6380454545454546,0.6393636363636364,0.001318181818181774,0.636682664285683,0.6380596106327294,0.0013769463470464371,10.43636679649353,19.884639739990234,1.9053220462384657
TPOT (AutoML),0.6404090909090909,0.6319318181818182,-0.008477272727272722,0.7672008415536081,0.7511246171698343,-0.016076224383773874,0.6404090909090909,0.6319318181818182,-0.008477272727272722,0.6391853071913169,0.6296614324044931,-0.009523874786823816,574.0381224155426,622.8283271789551,1.0849947117764656
AVERAGE,,,,,,,,,,,,,,,
