Model,Original Accuracy,BigFeat Accuracy,Accuracy Diff,Original Precision,BigFeat Precision,Precision Diff,Original Recall,BigFeat Recall,Recall Diff,Original F1 Score,BigFeat F1 Score,F1 Score Diff,Original Training Time,BigFeat Training Time,Training Time Ratio
Bagging,0.7151818181818181,0.7154090909090909,0.00022727272727274261,0.8121552516900702,0.812461686869516,0.00030643517944584087,0.7151818181818181,0.7154090909090909,0.00022727272727274261,0.7005769060204444,0.7008335764040182,0.00025667038357379823,86.255206823349,203.83704161643982,2.363185355684079
Stacking,0.7156818181818182,0.7162272727272727,0.0005454545454545157,0.8081869208829964,0.8134180295567132,0.005231108673716789,0.7156818181818182,0.7162272727272727,0.0005454545454545157,0.700997741386109,0.7016991477987599,0.0007014064126508179,61.036919355392456,103.18013024330139,1.6904544222247955
Voting,0.7113636363636363,0.7119090909090909,0.0005454545454546267,0.806293515628249,0.8085586020564943,0.0022650864282453,0.7113636363636363,0.7119090909090909,0.0005454545454546267,0.6963664240494013,0.6971385811179382,0.0007721570685369494,11.366746664047241,19.962865114212036,1.7562514327300107
Blending,0.7091363636363637,0.7082727272727273,-0.0008636363636363997,0.8071692021895989,0.8021869380327923,-0.004982264156806582,0.7091363636363637,0.7082727272727273,-0.0008636363636363997,0.6941518685937894,0.6932739986382069,-0.0008778699555824776,11.484280824661255,20.139967441558838,1.7536986206668188
TPOT (AutoML),0.7119090909090909,0.7036818181818182,-0.00822727272727275,0.7811397314995114,0.7562858021255215,-0.02485392937398989,0.7119090909090909,0.7036818181818182,-0.00822727272727275,0.6969601656239005,0.6877050987558975,-0.009255066868003037,669.8224077224731,669.4485995769501,0.9994419294708368
AVERAGE,,,,,,,,,,,,,,,
