Model,Original Accuracy,BigFeat Accuracy,Accuracy Diff,Original Precision,BigFeat Precision,Precision Diff,Original Recall,BigFeat Recall,Recall Diff,Original F1 Score,BigFeat F1 Score,F1 Score Diff,Original Training Time,BigFeat Training Time,Training Time Ratio
Bagging,0.6817045454545455,0.6813181818181818,-0.00038636363636368465,0.8330471195592704,0.8326671800748898,-0.0003799394843805315,0.6817045454545455,0.6813181818181818,-0.00038636363636368465,0.6751289784984607,0.6747682850806438,-0.0003606934178168597,62.52938365936279,174.3115246295929,2.787673801155283
Stacking,0.682340909090909,0.6820681818181819,-0.0002727272727272023,0.847316980887062,0.8523689557854347,0.005051974898372724,0.682340909090909,0.6820681818181819,-0.0002727272727272023,0.675827003800673,0.6755233995428104,-0.0003036042578625775,49.35658240318298,87.06276941299438,1.7639545765506597
Voting,0.6796818181818182,0.67975,6.818181818180058e-05,0.8312224961156808,0.8312205650595943,-1.9310560864793658e-06,0.6796818181818182,0.67975,6.818181818180058e-05,0.6731460384649524,0.6731529933080244,6.954843072004557e-06,8.394083023071289,16.416040897369385,1.955668159613099
Blending,0.6777272727272727,0.6776590909090909,-6.818181818180058e-05,0.8426544793802732,0.852694308088216,0.010039828707942844,0.6777272727272727,0.6776590909090909,-6.818181818180058e-05,0.6711974067571851,0.6711233563361024,-7.405042108266091e-05,8.883838653564453,16.375351905822754,1.8432743484431124
TPOT (AutoML),0.6825454545454546,0.6801818181818182,-0.0023636363636363455,0.8076651713625299,0.8052563607498296,-0.002408810612700263,0.6825454545454546,0.6801818181818182,-0.0023636363636363455,0.6760773332585741,0.6736911649468594,-0.002386168311714676,527.008814573288,585.7042701244354,1.1113747131509981
AVERAGE,,,,,,,,,,,,,,,
