Model,Original Accuracy,BigFeat Accuracy,Accuracy Diff,Original Precision,BigFeat Precision,Precision Diff,Original Recall,BigFeat Recall,Recall Diff,Original F1 Score,BigFeat F1 Score,F1 Score Diff
Bagging,0.6817045454545455,0.6815227272727272,-0.0001818181818182829,0.8330471195592704,0.8329156316592964,-0.00013148789997396992,0.6817045454545455,0.6815227272727272,-0.0001818181818182829,0.6751289784984607,0.6749909051456746,-0.00013807335278603894
Stacking,0.6815454545454546,0.6815681818181818,2.2727272727229852e-05,0.8328549516668817,0.8329233365695046,6.838490262284225e-05,0.6815454545454546,0.6815681818181818,2.2727272727229852e-05,0.6749650919005645,0.6749980280495328,3.293614896826558e-05
Voting,0.6817045454545455,0.6815227272727272,-0.0001818181818182829,0.8330471195592704,0.8329156316592964,-0.00013148789997396992,0.6817045454545455,0.6815227272727272,-0.0001818181818182829,0.6751289784984607,0.6749909051456746,-0.00013807335278603894
Blending,0.6817045454545455,0.6815227272727272,-0.0001818181818182829,0.8330471195592704,0.8329156316592964,-0.00013148789997396992,0.6817045454545455,0.6815227272727272,-0.0001818181818182829,0.6751289784984607,0.6749909051456746,-0.00013807335278603894
AVERAGE,0.6816647727272728,0.6815340909090908,-0.00013068181818190472,0.8329990775861733,0.8329175578868484,-8.151969932476688e-05,0.6816647727272728,0.6815340909090908,-0.00013068181818190472,0.6750880068489866,0.6749926858716392,-9.532097734746281e-05
