Model,Original Accuracy,BigFeat Accuracy,Accuracy Diff,Original Precision,BigFeat Precision,Precision Diff,Original Recall,BigFeat Recall,Recall Diff,Original F1 Score,BigFeat F1 Score,F1 Score Diff
Bagging,0.6878409090909091,0.6877272727272727,-0.00011363636363637131,0.7866647522978968,0.8262914072834774,0.0396266549855806,0.6878409090909091,0.6877272727272727,-0.00011363636363637131,0.6822396579396371,0.6821802876899729,-5.9370249664292274e-05
Stacking,0.6877727272727273,0.6874772727272728,-0.0002954545454545432,0.7778226392307528,0.7953365087401695,0.01751386950941669,0.6877727272727273,0.6874772727272728,-0.0002954545454545432,0.681999246215979,0.6817125766384996,-0.0002866695774793593
Voting,0.6878409090909091,0.6877272727272727,-0.00011363636363637131,0.7866647522978968,0.8262914072834774,0.0396266549855806,0.6878409090909091,0.6877272727272727,-0.00011363636363637131,0.6822396579396371,0.6821802876899729,-5.9370249664292274e-05
Blending,0.6878409090909091,0.6877272727272727,-0.00011363636363637131,0.7866647522978968,0.8262914072834774,0.0396266549855806,0.6878409090909091,0.6877272727272727,-0.00011363636363637131,0.6822396579396371,0.6821802876899729,-5.9370249664292274e-05
AVERAGE,0.6878238636363637,0.6876647727272727,-0.00015909090909091428,0.7844542240311109,0.8185526826476505,0.03409845861653962,0.6878238636363637,0.6876647727272727,-0.00015909090909091428,0.6821795550087225,0.6820633599271045,-0.00011619508161805903
