Model,Original Accuracy,BigFeat Accuracy,Accuracy Diff,Original Precision,BigFeat Precision,Precision Diff,Original Recall,BigFeat Recall,Recall Diff,Original F1 Score,BigFeat F1 Score,F1 Score Diff
Bagging,0.7151818181818181,0.7153863636363637,0.00020454545454551276,0.8121552516900702,0.812484584051028,0.0003293323609577792,0.7151818181818181,0.7153863636363637,0.00020454545454551276,0.7005769060204444,0.7008164282462437,0.0002395222257992602
Stacking,0.7149318181818182,0.71525,0.00031818181818188407,0.809066869006113,0.8077750143473987,-0.0012918546587142865,0.7149318181818182,0.71525,0.00031818181818188407,0.7002318174965626,0.700571270007771,0.0003394525112083713
Voting,0.7151818181818181,0.7153863636363637,0.00020454545454551276,0.8121552516900702,0.812484584051028,0.0003293323609577792,0.7151818181818181,0.7153863636363637,0.00020454545454551276,0.7005769060204444,0.7008164282462437,0.0002395222257992602
Blending,0.7151818181818181,0.7153863636363637,0.00020454545454551276,0.8121552516900702,0.812484584051028,0.0003293323609577792,0.7151818181818181,0.7153863636363637,0.00020454545454551276,0.7005769060204444,0.7008164282462437,0.0002395222257992602
AVERAGE,0.7151193181818182,0.7153522727272728,0.0002329545454546056,0.811383156019081,0.8113071916251207,-7.596439396023724e-05,0.7151193181818182,0.7153522727272728,0.0002329545454546056,0.700490633889474,0.7007551386866255,0.00026450479715153796
