Model,Original Accuracy,BigFeat Accuracy,Accuracy Diff,Original Precision,BigFeat Precision,Precision Diff,Original Recall,BigFeat Recall,Recall Diff,Original F1 Score,BigFeat F1 Score,F1 Score Diff
Bagging,0.704469696969697,0.7042045454545455,-0.00026515151515149604,0.9025419135901431,0.8071857439012,-0.09535616968894312,0.704469696969697,0.7042045454545455,-0.00026515151515149604,0.6921209141040865,0.6916333882375066,-0.0004875258665798521
Stacking,0.7043939393939394,0.7040909090909091,-0.00030303030303024947,0.9086598586559284,0.8276693381853968,-0.08099052047053157,0.7043939393939394,0.7040909090909091,-0.00030303030303024947,0.6919822767494379,0.6914925303991767,-0.000489746350261222
Voting,0.704469696969697,0.7042045454545455,-0.00026515151515149604,0.9025419135901431,0.8071857439012,-0.09535616968894312,0.704469696969697,0.7042045454545455,-0.00026515151515149604,0.6921209141040865,0.6916333882375066,-0.0004875258665798521
Blending,0.704469696969697,0.7042045454545455,-0.00026515151515149604,0.9025419135901431,0.8071857439012,-0.09535616968894312,0.704469696969697,0.7042045454545455,-0.00026515151515149604,0.6921209141040865,0.6916333882375066,-0.0004875258665798521
AVERAGE,0.7044507575757576,0.7041761363636363,-0.0002746212121211844,0.9040713998565895,0.8123066424722492,-0.09176475738434023,0.7044507575757576,0.7041761363636363,-0.0002746212121211844,0.6920862547654243,0.6915981737779241,-0.0004880809875001946
